number,german,english,french,japanese,korean,chinese
0001,bisasam,bulbasaur,bulbizarre,fushigidane,isanghessi,miàowāzhǒngzǐ
0002,bisaknosp,ivysaur,herbizarre,fushigisou,isanghepul,miàowācǎo
0003,bisaflor,venusaur,florizarre,fushigibana,isanghekkot,miàowāhuā
0004,glumanda,charmander,salamèche,hitokage,fairit,xiǎohuǒlóng
0005,glutexo,charmeleon,reptincel,lizardo,rizard,huǒkǒnglóng
0006,glurak,charizard,dracaufeu,lizardon,rizamon,pēnhuǒlóng
0007,schiggy,squirtle,carapuce,zenigame,kkobugi,jiéníguī
0008,schillok,wartortle,carabaffe,kameil,eonibugi,kǎmīguī
0009,turtok,blastoise,tortank,kamex,geobugwang,shuǐjiànguī
0010,raupy,caterpie,chenipan,caterpie,caterpie,lǜmáochóng
0011,safcon,metapod,chrysacier,transel,tandegi,tiějiǎyǒng
0012,smettbo,butterfree,papilusion,butterfree,butterfle,bādàdié
0013,hornliu,weedle,aspicot,beedle,ppulchungi,dújiǎochóng
0014,kokuna,kakuna,coconfort,cocoon,ttakchungi,tiěkéyǒng
0015,bibor,beedrill,dardargnan,spear,tokchimbung,dàzhēnfēng
0016,taubsi,pidgey,roucool,poppo,gugu,bōbō
0017,tauboga,pidgeotto,roucoups,pigeon,pijon,bǐbǐniǎo
0018,tauboss,pidgeot,roucarnage,pigeot,pijontoo,dàbǐniǎo
0019,rattfratz,rattata,rattata,koratta,koret,xiǎolādá
0020,rattikarl,raticate,rattatac,ratta,retra,lādá
0021,habitak,spearow,piafabec,onisuzume,kebicham,lièquè
0022,ibitak,fearow,rapasdepic,onidrill,kebidrillzo,dàzuǐquè
0023,rettan,ekans,abo,arbo,abo,ābóshé
0024,arbok,arbok,arbok,arbok,abok,ābóguài
0025,pikachu,pikachu,pikachu,pikachu,pikachu,píkǎqiū
0026,raichu,raichu,raichu,raichu,raichu,léiqiū
0027,sandan,sandshrew,sabelette,sand,moreduji,chuānshānshǔ
0028,sandamer,sandslash,sablaireau,sandpan,koji,chuānshānwáng
0029,nidoran-female,nidoran-female,nidoran-female,nidoran-female,nidoran-female,níduōlán
0030,nidorina,nidorina,nidorina,nidorina,nidorina,níduōnà
0031,nidoqueen,nidoqueen,nidoqueen,nidoqueen,nidoqueen,níduōhòu
0032,nidoran-male,nidoran-male,nidoran-male,nidoran-male,nidoran-male,níduōláng
0033,nidorino,nidorino,nidorino,nidorino,nidorino,níduōlìnuò
0034,nidoking,nidoking,nidoking,nidoking,nidoking,níduōwáng
0035,piepi,clefairy,mélofée,pippi,ppippi,pípí
0036,pixi,clefable,mélodelfe,pixy,pixy,píkěxī
0037,vulpix,vulpix,goupix,rokon,sixtail,liùwěi
0038,vulnona,ninetales,feunard,kyukon,ninetail,jiǔwěi
0039,pummeluff,jigglypuff,rondoudou,purin,purin,pàngdīng
0040,knuddeluff,wigglytuff,grodoudou,pukurin,pukurin,pàngkědīng
0041,zubat,zubat,nosferapti,zubat,zubat,chāoyīnfú
0042,golbat,golbat,nosferalto,golbat,golbat,dàzuǐfú
0043,myrapla,oddish,mystherbe,nazonokusa,ttubeogcho,zǒulùcǎo
0044,duflor,gloom,ortide,kusaihana,naemsaeko,chòuchòuhuā
0045,giflor,vileplume,rafflesia,ruffresia,raplresia,bàwánghuā
0046,paras,paras,paras,paras,paras,pàilāsī
0047,parasek,parasect,parasect,parasect,parasect,pàilāsītè
0048,bluzuk,venonat,mimitoss,kongpang,konpan,máoqiú
0049,omot,venomoth,aéromite,morphon,donari,mólǔ'é
0050,digda,diglett,taupiqueur,digda,digda,dìshǔ
0051,digdri,dugtrio,triopikeur,dugtrio,daktrio,sāndìshǔ
0052,mauzi,meowth,miaouss,nyarth,naong,miāomiāo
0053,snobilikat,persian,persian,persian,persion,māolǎodà
0054,enton,psyduck,psykokwak,koduck,gorapaduck,kědáyā
0055,entoron,golduck,akwakwak,golduck,golduck,gēdáyā
0056,menki,mankey,férosinge,mankey,mankey,hóuguài
0057,rasaff,primeape,colossinge,okorizaru,seongwonsung,huǒbàohóu
0058,fukano,growlithe,caninos,gardie,gadi,kǎdìgǒu
0059,arkani,arcanine,arcanin,windie,windi,fēngsùgǒu
0060,quapsel,poliwag,ptitard,nyoromo,balchengi,wénxiāngkēdǒu
0061,quaputzi,poliwhirl,têtarte,nyorozo,shuryukchengi,wénxiāngjūn
0062,quappo,poliwrath,tartard,nyorobon,gangchaengi,wénxiāngyǒngshì
0063,abra,abra,abra,casey,keisi,kǎixī
0064,kadabra,kadabra,kadabra,yungerer,yunghelar,yǒngjīlā
0065,simsala,alakazam,alakazam,foodin,fudin,húdì
0066,machollo,machop,machoc,wanriky,altongmon,wànlì
0067,maschock,machoke,machopeur,goriky,geunyukmon,háolì
0068,machomei,machamp,mackogneur,kairiky,goeryeokmon,guàilì
0069,knofensa,bellsprout,chétiflor,madatsubomi,modapi,lǎbāyá
0070,ultrigaria,weepinbell,boustiflor,utsudon,uchudon,kǒudāihuā
0071,sarzenia,victreebel,empiflor,utsubot,uchubot,dàshíhuā
0072,tentacha,tentacool,tentacool,menokurage,wangnunhe,mǎnǎoshuǐmǔ
0073,tentoxa,tentacruel,tentacruel,dokukurage,tokpari,dúcìshuǐmǔ
0074,kleinstein,geodude,racaillou,isitsubute,kkomadol,xiǎoquánshí
0075,georok,graveler,gravalanch,golone,deguri,lónglóngshí
0076,geowaz,golem,grolem,golonya,ttakguri,lónglóngyán
0077,ponita,ponyta,ponyta,ponyta,ponyta,xiǎohuǒmǎ
0078,gallopa,rapidash,galopa,gallop,nalssengma,lièyànmǎ
0079,flegmon,slowpoke,ramoloss,yadon,yadon,dāidāishòu
0080,lahmus,slowbro,flagadoss,yadoran,yadonran,dāikéshòu
0081,magnetilo,magnemite,magnéti,coil,koil,xiǎocíguài
0082,magneton,magneton,magnéton,rarecoil,rarekoil,sānhéyīcíguài
0083,porenta,farfetchd,canarticho,kamonegi,paori,dàcōngyā
0084,dodu,doduo,doduo,dodo,dudu,dūdū
0085,dodri,dodrio,dodrio,dodorio,dutrio,dūdūlì
0086,jurob,seel,otaria,pawou,juju,xiǎohǎishī
0087,jugong,dewgong,lamantine,jugon,juregon,báihǎishī
0088,sleima,grimer,tadmorv,betbeter,jilpeogi,chòuní
0089,sleimok,muk,grotadmorv,betbeton,jilppeogi,chòuchòuní
0090,muschas,shellder,kokiyas,shellder,sellor,dàshébèi
0091,austos,cloyster,crustabri,parshen,parsell,cìjiǎbèi
0092,nebulak,gastly,fantominus,ghos,goohs,guǐsī
0093,alpollo,haunter,spectrum,ghost,goust,guǐsītōng
0094,gengar,gengar,ectoplasma,gangar,penteom,gěngguǐ
0095,onix,onix,onix,iwark,rongston,dàyánshé
0096,traumato,drowzee,soporifik,sleepe,sllip,cuīmiánmò
0097,hypno,hypno,hypnomade,sleeper,slliper,yǐnmèngmòrén
0098,krabby,krabby,krabby,crab,kreb,dàqiánxiè
0099,kingler,kingler,krabboss,kingler,kingkreb,jùqiánxiè
0100,voltobal,voltorb,voltorbe,biriridama,zzililigong,pīlìdiànqiú
0101,lektrobal,electrode,électrode,marumine,boomball,wánpíléidàn
0102,owei,exeggcute,noeunoeuf,tamatama,arari,dàndàn
0103,kokowei,exeggutor,noadkoko,nassy,nasi,yēdànshù
0104,tragosso,cubone,osselait,karakara,tangguri,kǎlākǎlā
0105,knogga,marowak,ossatueur,garagara,teongguri,gālāgālā
0106,kicklee,hitmonlee,kicklee,sawamular,sirasomon,fēituǐláng
0107,nockchan,hitmonchan,tygnon,ebiwalar,hongsoomon,kuàiquánláng
0108,schlurp,lickitung,excelangue,beroringa,nerumi,dàshétóu
0109,smogon,koffing,smogo,dogars,ttogas,wǎsīdàn
0110,smogmog,weezing,smogogo,matadogas,ttodogas,shuāngdànwǎsī
0111,rihorn,rhyhorn,rhinocorne,sihorn,ppulkano,dújiǎoxīniú
0112,rizeros,rhydon,rhinoféros,sidon,koppuri,zuānjiǎoxīshòu
0113,chaneira,chansey,leveinard,lucky,lucki,jílìdàn
0114,tangela,tangela,saquedeneu,monjara,deongkuri,mànténgguài
0115,kangama,kangaskhan,kangourex,garura,kengka,dàishòu
0116,seeper,horsea,hypotrempe,tattu,ssodra,mòhǎimǎ
0117,seemon,seadra,hypocéan,seadra,seadra,hǎicìlóng
0118,goldini,goldeen,poissirène,tosakinto,konchi,jiǎojīnyú
0119,golking,seaking,poissoroy,azumao,wangkonchi,jīnyúwáng
0120,sterndu,staryu,stari,hitodeman,byulgasari,hǎixīngxīng
0121,starmie,starmie,staross,starmie,akusta,bǎoshíhǎixīng
0122,pantimos,mr-mime,m-mime,barrierd,maimman,móqiángrén'ǒu
0123,sichlor,scyther,insécateur,strike,srak,fēitiāntángláng
0124,rossana,jynx,lippoutou,rougela,rujura,míchúnjiě
0125,elektek,electabuzz,élektek,eleboo,elev,diànjīshòu
0126,magmar,magmar,magmar,boober,magmar,yāzuǐhuǒshòu
0127,pinsir,pinsir,scarabrute,kailios,ppeusaizeo,kǎiluósī
0128,tauros,tauros,tauros,kentauros,kentaros,kěntàiluó
0129,karpador,magikarp,magicarpe,koiking,ingeoking,lǐyúwáng
0130,garados,gyarados,léviator,gyarados,gyarados,bàolǐlóng
0131,lapras,lapras,lokhlass,laplace,lapras,lāpǔlāsī
0132,ditto,ditto,métamorph,metamon,metamong,bǎibiànguài
0133,evoli,eevee,évoli,eievui,eevee,yībù
0134,aquana,vaporeon,aquali,showers,shamid,shuǐyībù
0135,blitza,jolteon,voltali,thunders,jupithunder,léiyībù
0136,flamara,flareon,pyroli,booster,booster,huǒyībù
0137,porygon,porygon,porygon,porygon,porygon,duōbiānshòu
0138,amonitas,omanyte,amonita,omnite,amnait,júshíshòu
0139,amoroso,omastar,amonistar,omstar,amsta,duōcìjúshíshòu
0140,kabuto,kabuto,kabuto,kabuto,toogu,huàshíkuī
0141,kabutops,kabutops,kabutops,kabutops,tooguphus,liándāokuī
0142,aerodactyl,aerodactyl,ptéra,ptera,ptera,huàshíyìlóng
0143,relaxo,snorlax,ronflex,kabigon,jammanbo,kǎbǐshòu
0144,arktos,articuno,artikodin,freezer,freeser,jídòngniǎo
0145,zapdos,zapdos,électhor,thunder,sunder,shǎndiànniǎo
0146,lavados,moltres,sulfura,fire,faier,huǒyànniǎo
0147,dratini,dratini,minidraco,miniryu,minyong,mínǐlóng
0148,dragonir,dragonair,draco,hakuryu,sinnyong,hākèlóng
0149,dragoran,dragonite,dracolosse,kairyu,mangnanyong,kuàilóng
0150,mewtu,mewtwo,mewtwo,mewtwo,mewtwo,chāomèng
0151,mew,mew,mew,mew,mew,mènghuàn
0152,endivie,chikorita,germignon,chikorita,chikorita,júcǎoyè
0153,lorblatt,bayleef,macronium,bayleaf,bayleef,yuèguìyè
0154,meganie,meganium,méganium,meganium,meganium,dàzhúkuí
0155,feurigel,cyndaquil,héricendre,hinoarashi,beukein,huǒqiúshǔ
0156,igelavar,quilava,feurisson,magmarashi,mageukein,huǒyánshǔ
0157,tornupto,typhlosion,typhlosion,bakphoon,bleibeom,huǒbàoshòu
0158,karnimani,totodile,kaiminus,waninoko,liako,xiǎojù'è
0159,tyracroc,croconaw,crocrodil,alligates,elligei,lán'è
0160,impergator,feraligatr,aligatueur,ordile,jangkrodail,dàlì'è
0161,wiesor,sentret,fouinette,otachi,kkoriseon,wěilì
0162,wiesenior,furret,fouinar,ootachi,dakkori,dàwěilì
0163,hoothoot,hoothoot,hoothoot,hoho,buubu,gūgū
0164,noctuh,noctowl,noarfang,yorunozuku,yabueong,māotóuyèyīng
0165,ledyba,ledyba,coxy,rediba,ledyba,bāpiáochóng
0166,ledian,ledian,coxyclaque,redian,ledian,ānpiáochóng
0167,webarak,spinarak,mimigal,itomaru,peigeom,yuánsīzhū
0168,ariados,ariados,migalos,ariados,ariados,ālìduōsī
0169,iksbat,crobat,nostenfer,crobat,crobat,chāzìfú
0170,lampi,chinchou,loupio,chonchie,choragi,dēnglóngyú
0171,lanturn,lanturn,lanturn,lantern,lanturn,diàndēngguài
0172,pichu,pichu,pichu,pichu,pichu,píqiū
0173,pii,cleffa,mélo,py,ppi,píbǎobǎo
0174,fluffeluff,igglybuff,toudoudou,pupurin,pupurin,bǎobǎodīng
0175,togepi,togepi,togepi,togepy,togepi,bōkèbĭ
0176,togetic,togetic,togetic,togechick,togetic,bōkèjīgŭ
0177,natu,natu,natu,naty,neiti,tiānránquè
0178,xatu,xatu,xatu,natio,neitio,tiānránniǎo
0179,voltilamm,mareep,wattouat,merriep,meleep,miēlìyáng
0180,waaty,flaaffy,lainergie,mokoko,bosongsong,róngróngyáng
0181,ampharos,ampharos,pharamp,denryu,jeonryong,diànlóng
0182,blubella,bellossom,joliflor,kireihana,areuko,měilìhuā
0183,marill,marill,marill,maril,marill,mǎlìlù
0184,azumarill,azumarill,azumarill,marilli,marilly,mǎlìlùlí
0185,mogelbaum,sudowoodo,simularbre,usokkie,kkojimo,shùcáiguài
0186,quaxo,politoed,tarpaud,nyorotono,wangguri,wénxiāngwāhuáng
0187,hoppspross,hoppip,granivol,hanecco,tongtongko,jiànzǐcǎo
0188,hubelupf,skiploom,floravol,popocco,duko,jiànzǐhuā
0189,papungha,jumpluff,cotovol,watacco,somsomko,jiànzǐmián
0190,griffel,aipom,capumain,eipam,eipam,chángwěiguàishǒu
0191,sonnkern,sunkern,tournegrin,himanuts,haenuts,xiàngrìzhǒngzǐ
0192,sonnflora,sunflora,héliatronc,kimawari,haerumi,xiàngrìhuāguài
0193,yanma,yanma,yanma,yanyanma,wangjari,qīngqīngtíng
0194,felino,wooper,axoloto,upah,woopa,wūbō
0195,morlord,quagsire,maraiste,nuoh,nuo,zhǎowáng
0196,psiana,espeon,mentali,eifie,ebeui,tàiyángyībù
0197,nachtara,umbreon,noctali,blacky,blacky,yuèliàngyībù
0198,kramurx,murkrow,cornèbre,yamikarasu,nirou,hēi'ànyā
0199,laschoking,slowking,roigada,yadoking,yadoking,dāidāiwáng
0200,traunfugil,misdreavus,feuforêve,muma,muuma,mèngyāo
0201,icognito,unown,zarbi,unknown,annown,wèizhītúténg
0202,woingenau,wobbuffet,qulbutoké,sonans,mazayong,guǒránwēng
0203,girafarig,girafarig,girafarig,kirinriki,kilingki,qílínqí
0204,tannza,pineco,pomdepik,kunugidama,pikon,zhēnguǒqiú
0205,forstellka,forretress,foretress,foretos,ssokon,fóliètuōsī
0206,dummisel,dunsparce,insolourdo,nokocchi,nogochi,tǔlóngdìdì
0207,skorgla,gligar,scorplane,gliger,glaiger,tiānxiē
0208,stahlos,steelix,steelix,haganeil,gangcheolton,dàgāngshé
0209,snubbull,snubbull,snubbull,bulu,bullu,bùlǔ
0210,granbull,granbull,granbull,granbulu,granbullu,bùlǔhuáng
0211,baldorfish,qwilfish,qwilfish,harysen,chimbaru,qiānzhēnyú
0212,scherox,scizor,cizayox,hassam,hatsam,jùqiántángláng
0213,pottrott,shuckle,caratroc,tsubotsubo,dandanji,húhú
0214,skaraborn,heracross,scarhino,heracros,heracross,hèlākèluósī
0215,sniebel,sneasel,farfuret,nyula,popuni,niǔlā
0216,teddiursa,teddiursa,teddiursa,himeguma,kkamjigom,xióngbǎobǎo
0217,ursaring,ursaring,ursaring,ringuma,ringgom,quānquānxióng
0218,schneckmag,slugma,limagma,magmag,magmag,róngyánchóng
0219,magcargo,magcargo,volcaropod,magcargot,magcargo,róngyánwōniú
0220,quiekel,swinub,marcacrin,urimoo,kkukkuri,xiǎoshānzhū
0221,keifel,piloswine,cochignon,inomoo,mekkuri,chángmáozhū
0222,corasonn,corsola,corayon,sunnygo,kosanho,tàiyángshānhú
0223,remoraid,remoraid,rémoraid,teppouo,chongeo,tiěpàoyú
0224,octillery,octillery,octillery,okutank,daepomuno,zhāngyútǒng
0225,botogel,delibird,cadoizo,delibird,delibird,xìnshǐniǎo
0226,mantax,mantine,démanta,mantain,mantine,jùchìfēiyú
0227,panzaeron,skarmory,airmure,airmd,mujangjo,kuījiǎniǎo
0228,hunduster,houndour,malosse,delvil,delvil,dàilǔbǐ
0229,hundemon,houndoom,démolosse,hellgar,helga,hēilǔjiā
0230,seedraking,kingdra,hyporoi,kingdra,kingdra,cìlóngwáng
0231,phanpy,phanpy,phanpy,gomazou,kokori,xiǎoxiǎoxiàng
0232,donphan,donphan,donphan,donfan,korigap,dùnjiǎ
0233,porygon2,porygon2,porygon2,porygon2,porygon2,duōbiānshòuii-/-duōbiānshòu2xíng
0234,damhirplex,stantler,cerfrousse,odoshishi,noraki,jīngjiǎolù
0235,farbeagle,smeargle,queulorior,doble,rubeudo,tútúquǎn
0236,rabauz,tyrogue,debugant,balkie,baeruki,wúwèixiǎozǐ
0237,kapoera,hitmontop,kapoera,kapoerer,kapoera,zhànwǔláng
0238,kussilla,smoochum,lippouti,muchul,ppoppora,míchúnwá
0239,elekid,elekid,élekid,elekid,elekid,diànjīguài
0240,magby,magby,magby,buby,magby,yāzuǐbǎobǎo
0241,miltank,miltank,écrémeuh,miltank,miltank,dànǎiguàn
0242,heiteira,blissey,leuphorie,happinas,happynus,xìngfúdàn
0243,raikou,raikou,raikou,raikou,raikou,léigōng
0244,entei,entei,entei,entei,entei,yándì
0245,suicune,suicune,suicune,suicune,suicune,shuǐjūn
0246,larvitar,larvitar,embrylex,yogiras,aebeoras,yòujīlāsī
0247,pupitar,pupitar,ymphect,sanagiras,degiras,shājīlāsī
0248,despotar,tyranitar,tyranocif,bangiras,magiras,bānjīlāsī
0249,lugia,lugia,lugia,lugia,rugia,luòqíyà
0250,ho-oh,ho-oh,ho-oh,houou,chilsaeckjo,fèngwáng
0251,celebi,celebi,celebi,celebi,celebi,shílābǐ
0252,geckarbor,treecko,arcko,kimori,namujigi,mùshǒugōng
0253,reptain,grovyle,massko,juptile,namudori,sēnlínxīyì
0254,gewaldro,sceptile,jungko,jukain,namuking,xīyìwáng
0255,flemmli,torchic,poussifeu,achamo,achamo,huǒzhìjī
0256,jungglut,combusken,galifeu,wakasyamo,youngchiko,lìzhuàngjī
0257,lohgock,blaziken,braségali,bursyamo,bunchiko,huǒyànjī
0258,hydropi,mudkip,gobou,mizugorou,muljjangi,shuǐyuèyú
0259,moorabbel,marshtomp,flobio,numacraw,nupjjangi,zhǎoyuèyú
0260,sumpex,swampert,laggron,laglarge,daejjangi,jùzhǎoguài
0261,fiffyen,poochyena,medhyèna,pochiena,pochana,tǔlángquǎn
0262,magnayen,mightyena,grahyèna,graena,guraeana,dàlángquǎn
0263,zigzachs,zigzagoon,zigzaton,jiguzaguma,jigujaeguri,shéwénxióng
0264,geradaks,linoone,linéon,massuguma,jikguli,zhíchōngxióng
0265,waumpel,wurmple,chenipotte,kemusso,gaemuso,cìwěichóng
0266,schaloko,silcoon,armulys,karasalis,silcoon,jiǎkéjiǎn
0267,papinella,beautifly,charmillon,agehunt,beautifly,shòulièfèngdié
0268,panekon,cascoon,blindalys,mayuld,cascoon,dùnjiǎjiǎn
0269,pudox,dustox,papinox,dokucale,dokkeil,dúfěn'é
0270,loturzel,lotad,nénupiot,hassboh,yeonkkotmon,liányètóngzǐ
0271,lombrero,lombre,lombre,hasubrero,rotosu,liánmàoxiǎotóng
0272,kappalores,ludicolo,ludicolo,runpappa,ropapa,lètiānhétóng
0273,samurzel,seedot,grainipiot,taneboh,dotoring,xiàngshíguǒ
0274,blanas,nuzleaf,pifeuil,konohana,ipseko,chángbíyè
0275,tengulist,shiftry,tengalice,dirteng,datenggu,jiǎohuátiāngǒu
0276,schwalbini,taillow,nirondelle,subame,tailow,àogǔyàn
0277,schwalboss,swellow,hélédelle,ohsubame,swalow,dàwángyàn
0278,wingull,wingull,goélise,camome,galmomae,chángchì'ōu
0279,pelipper,pelipper,bekipan,pelipper,pelipper,dàzuǐ'ōu
0280,trasla,ralts,tarsal,ralts,raltos,lālǔlāsī
0281,kirlia,kirlia,kirlia,kirlia,kirlia,qílǔlì'ān
0282,guardevoir,gardevoir,gardevoir,sirnight,gadian,shānàiduǒ
0283,gehweiher,surskit,arakdo,ametama,bigusul,liūliūtángqiú
0284,maskeregen,masquerain,maskadra,amemoth,binabang,yǔchì'é
0285,knilz,shroomish,balignon,kinococo,bosotkko,mómógū
0286,kapilz,breloom,chapignon,kinogassa,bosotmo,dǒulìgū
0287,bummelz,slakoth,parecool,namakero,geulro,lǎnréntǎ
0288,muntier,vigoroth,vigoroth,yarukimono,balbaro,guòdòngyuán
0289,letarking,slaking,monaflèmit,kekking,geulking,qǐngjiàwáng
0290,nincada,nincada,ningale,tutinin,tojungmon,tǔjūrěnshì
0291,ninjask,ninjask,ninjask,tekkanin,aisukeu,tiěmiànrěnzhě
0292,ninjatom,shedinja,munja,nukenin,kkubjilmon,tuōkérěnzhě
0293,flurmel,whismur,chuchmur,gonyonyo,sogonryong,gūniūniū
0294,krakeelo,loudred,ramboum,dogohmb,nogonryong,hǒubàodàn
0295,krawumms,exploud,brouhabam,bakuong,pokumryong,bàoyīnguài
0296,makuhita,makuhita,makuhita,makunoshita,makeutang,mùxiàlìshì
0297,hariyama,hariyama,hariyama,hariteyama,harimung,tiězhǎnglìshì
0298,azurill,azurill,azurill,ruriri,ruriri,lùlìlí
0299,nasgnet,nosepass,tarinor,nosepass,kokopas,cháoběibí
0300,eneco,skitty,skitty,eneco,enabi,xiàngwěimiāo
0301,enekoro,delcatty,delcatty,enekororo,delcatty,yōuyǎmāo
0302,zobiris,sableye,ténéfix,yamirami,kamkami,gōuhúnyǎn
0303,flunkifer,mawile,mysdibule,kucheat,ipchitt,dàzuǐwá
0304,stollunior,aron,galekid,cokodora,gabori,kěkěduōlā
0305,stollrak,lairon,galegon,kodora,gaengdora,kěduōlā
0306,stolloss,aggron,galeking,bossgodora,bosrora,bōshìkěduōlā
0307,meditie,meditite,méditikka,asanan,yogarang,mǎshānà
0308,meditalis,medicham,charmina,charem,yogaram,qiàléimǔ
0309,frizelbliz,electrike,dynavolt,rakurai,thunderai,luòléishòu
0310,voltenso,manectric,élecsprint,livolt,thundervolt,léidiànshòu
0311,plusle,plusle,posipi,prasle,plusy,zhèngdiànpāipāi
0312,minun,minun,négapi,minun,mainong,fùdiànpāipāi
0313,volbeat,volbeat,muciole,barubeat,volbeat,diànyíngchóng
0314,illumise,illumise,lumivole,illumise,neobeat,tiántiányíng
0315,roselia,roselia,rosélia,roselia,rozelia,dúqiángwēi
0316,schluppuck,gulpin,gloupti,gokulin,kolkkakmon,róngshíshòu
0317,schlukwech,swalot,avaltout,marunoom,koolkkokmon,tūnshíshòu
0318,kanivanha,carvanha,carvanha,kibanha,sharpnia,lìyáyú
0319,tohaido,sharpedo,sharpedo,samehader,sharknia,jùyáshā
0320,wailmer,wailmer,wailmer,hoeruko,goraewangja,hǒuhǒujīng
0321,wailord,wailord,wailord,whaloh,goraewang,hǒujīngwáng
0322,camaub,numel,chamallot,donmel,doonta,dāihuǒtuó
0323,camerupt,camerupt,camérupt,bakuuda,pokta,pēnhuǒtuó
0324,qurtel,torkoal,chartor,cotoise,kotas,méitànguī
0325,spoink,spoink,spoink,baneboo,pigjump,tiàotiàozhū
0326,groink,grumpig,groret,boopig,pigking,pūpūzhū
0327,pandir,spinda,spinda,patcheel,ollugi,huànghuàngbān
0328,knacklion,trapinch,kraknoix,nuckrar,topchi,dà‘èyǐ
0329,vibrava,vibrava,vibraninf,vibrava,vibrava,chāoyīnbōyòuchóng
0330,libelldra,flygon,libégon,flygon,flygon,shāmòqīngtíng
0331,tuska,cacnea,cacnea,sabonea,seoninwang,cìqiúxiānrénzhǎng
0332,noktuska,cacturne,cacturne,noctus,bamseonin,mènggēxiānrénzhǎng
0333,wablu,swablu,tylton,tyltto,pavico,qīngmiánniǎo
0334,altaria,altaria,altaria,tyltalis,pavicori,qīxīqīngniǎo
0335,sengo,zangoose,mangriff,zangoose,zanggo,māoyòuzhǎn
0336,vipitis,seviper,séviper,habunake,seviper,fànchíshé
0337,lunastein,lunatone,séléroc,lunatone,lunatone,yuèshí
0338,sonnfel,solrock,solaroc,solrock,solrock,tàiyángyán
0339,schmerbe,barboach,barloche,dojoach,mikuri,níníqiū
0340,welsar,whiscash,barbicha,namazun,meging,niányúwáng
0341,krebscorps,corphish,écrapince,heigani,gazegun,lóngxiāxiǎobīng
0342,krebutack,crawdaunt,colhomard,shizariger,gazezanggun,tiě'áolóngxiā
0343,puppance,baltoy,balbuto,yajilon,ohttukgun,tiānchèng'ǒu
0344,lepumentas,claydol,kaorine,nendoll,zeumtodori,niànlìtǔ'ǒu
0345,liliep,lileep,lilia,lilyla,lilring,chùshǒubǎihé
0346,wielie,cradily,vacilys,yuradle,lilriyo,yáolánbǎihé
0347,anorith,anorith,anorith,anopth,anodeeps,tàigǔyǔchóng
0348,armaldo,armaldo,armaldo,armaldo,amaldo,tàigǔkuījiǎ
0349,barschwa,feebas,barpau,hinbass,vintina,chǒuchǒuyú
0350,milotic,milotic,milobellus,milokaross,milotic,měinàsī
0351,formeo,castform,morphéo,powalen,castpong,piāofúpàopào
0352,kecleon,kecleon,kecleon,kakureon,kelimon,biànyǐnlóng
0353,shuppet,shuppet,polichombr,kagebouzu,udumdaesin,yuànyǐngwáwá
0354,banette,banette,branette,juppeta,darkpet,zǔzhòuwáwá
0355,zwirrlicht,duskull,skelénox,yomawaru,haegolmong,yèxúnlíng
0356,zwirrklop,dusclops,téraclope,samayouru,miramong,pánghuángyèlíng
0357,tropius,tropius,tropius,tropius,tropius,rèdàilóng
0358,palimpalim,chimecho,éoko,chirean,chirung,fēnglínglíng
0359,absol,absol,absol,absol,absol,ābósuōlǔ
0360,isso,wynaut,okéoké,sohnano,maza,xiǎoguǒrán
0361,schneppke,snorunt,stalgamin,yukiwarashi,nunkoma,xuětóngzǐ
0362,firnontor,glalie,oniglali,onigohri,urumkisin,bīngguǐhù
0363,seemops,spheal,obalie,tamazarashi,degulleo,hǎibàoqiú
0364,seejong,sealeo,phogleur,todoggler,sealeo,hǎimóshī
0365,walraisa,walrein,kaimorse,todoseruga,seakaiser,dìyáhǎishī
0366,perlu,clamperl,coquiperl,pearlulu,zinzumong,zhēnzhūbèi
0367,aalabyss,huntail,serpang,huntail,huntail,lièbānyú
0368,saganabyss,gorebyss,rosabyss,sakurabyss,bunhongzangi,yīnghuāyú
0369,relicanth,relicanth,relicanth,glanth,searakan,gǔkōngjíyú
0370,liebiskus,luvdisc,lovdisc,lovecus,sarangdongi,àixīnyú
0371,kindwurm,bagon,draby,tatsubay,agongi,bǎobèilóng
0372,draschel,shelgon,drackhaus,komoruu,shelgon,jiǎkélóng
0373,brutalanda,salamence,drattak,bohmander,bomanda,bàofēilóng
0374,tanhel,beldum,terhal,dumbber,metan,tiěyǎlíng
0375,metang,metang,métang,metang,metangoo,jīnshǔguài
0376,metagross,metagross,métalosse,metagross,metagross,jùjīnguài
0377,regirock,regirock,regirock,regirock,regirock,léijíluòkè
0378,regice,regice,regice,regice,regice,léijí'àisī
0379,registeel,registeel,registeel,registeel,registeel,léijísījīlǔ
0380,latias,latias,latias,latias,latias,lādìyàsī
0381,latios,latios,latios,latios,latios,lādì'ōusī
0382,kyogre,kyogre,kyogre,kyogre,kyogre,gài'ōukǎ
0383,groudon,groudon,groudon,groudon,groudon,gùlāduō
0384,rayquaza,rayquaza,rayquaza,rayquaza,rayquaza,lièkōngzuò
0385,jirachi,jirachi,jirachi,jirachi,jirachi,jīlāqí
0386,deoxys,deoxys,deoxys,deoxys,teoxys,dài'ōuqíxīsī
0387,chelast,turtwig,tortipouss,naetle,mobugi,cǎomiáoguī
0388,chelcarain,grotle,boskara,hayashigame,supulbugi,shùlínguī
0389,chelterrar,torterra,torterra,dodaitose,todaibugi,tǔtáiguī
0390,panflam,chimchar,ouisticram,hikozaru,bulkotsoongi,xiǎohuǒyànhóu
0391,panpyro,monferno,chimpenfeu,moukazaru,paisoongi,měnghuǒhóu
0392,panferno,infernape,simiabraz,goukazaru,choyeommong,lièyànhóu
0393,plinfa,piplup,tiplouf,pochama,pengdori,bōjiāmàn
0394,pliprin,prinplup,prinplouf,pottaishi,pengtaiza,bōhuángzǐ
0395,impoleon,empoleon,pingoléon,emperte,emperut,dìwángnábō
0396,staralili,starly,étourmi,mukkuru,jjiruko,mǔkè'ér
0397,staravia,staravia,étourvol,mukubird,jjirubird,mǔkèniǎo
0398,staraptor,staraptor,étouraptor,mukuhawk,jjiruhawk,mǔkèyīng
0399,bidiza,bidoof,keunotor,bippa,bibeoni,dàyálí
0400,bidifas,bibarel,castorno,beadaru,bibeotong,dàwěilí
0401,zirpurze,kricketot,crikzik,korobohshi,gwittulttugi,yuánfǎshī
0402,zirpeise,kricketune,mélokrik,korotock,gwittultock,yīnxiāngshuài
0403,sheinux,shinx,lixy,kolink,koringku,xiǎomāoguài
0404,luxio,luxio,luxio,luxio,leoksio,lèkèmāo
0405,luxtra,luxray,luxray,rentorar,renteura,lúnqínmāo
0406,knospi,budew,rozbouton,subomie,komongul,hánxiūbāo
0407,roserade,roserade,roserade,roserade,rozureid,luósīléiduǒ
0408,koknodon,cranidos,kranidos,zugaidos,dugaedos,tóugàilóng
0409,rameidon,rampardos,charkos,rampald,ramparld,zhànchuílóng
0410,schilterus,shieldon,dinoclier,tatetops,bangpaetops,dùnjiǎlóng
0411,bollterus,bastiodon,bastiodon,torideps,baritops,hùchénglóng
0412,burmy,burmy,cheniti,minomucchi,dorongchungi,jiécǎo'ér
0413,burmadame,wormadam,cheniselle,minomadam,dorongmadam,jiécǎoguìfù
0414,moterpel,mothim,papilord,gamale,nameil,shēnshì'é
0415,wadribie,combee,apitrini,mitsuhoney,sekkulbeori,sānmìfēng
0416,honweisel,vespiquen,apireine,beequen,beequein,fēngnǚwáng
0417,pachirisu,pachirisu,pachirisu,pachirisu,pachirisu,pàqílìzī
0418,bamelin,buizel,mustébouée,buoysel,buijel,yǒngquānyòu
0419,bojelin,floatzel,mustéflott,floazel,pulrozel,fúqiányòu
0420,kikugi,cherubi,ceribou,cherinbo,cheriber,yīnghuābǎo
0421,kinoso,cherrim,ceriflor,cherrim,cheriko,yīnghuā'ér
0422,schalellos,shellos,sancoki,karanakushi,kapjilmu,wúkéhǎitù
0423,gastrodon,gastrodon,tritosor,tritodon,tritodon,hǎitùshòu
0424,ambidiffel,ambipom,capidextre,eteboth,gethainbosung,shuāngwěiguàishǒu
0425,driftlon,drifloon,baudrive,fuwante,hundlpungson,piāopiāoqiú
0426,drifzepeli,drifblim,grodrive,fuwaride,dungsilraid,suífēngqiú
0427,haspiror,buneary,laporeille,mimirol,ieorol,juǎnjuǎn'ěr
0428,schlapor,lopunny,lockpin,mimilop,ieorop,cháng'ěrtù
0429,traunmagil,mismagius,magirêve,mumargi,muumajik,mèngyāomó
0430,kramshef,honchkrow,corboss,dongkarasu,donkeurou,wūyātóutóu
0431,charmian,glameow,chaglam,nyarmar,naongma,mèilìmiāo
0432,shnurgarst,purugly,chaffreux,bunyatto,monnyangi,dōngshīmiāo
0433,klingplim,chingling,korillon,lisyan,rangttallang,língdāngxiǎng
0434,skunkapuh,stunky,moufouette,skunpuu,skunbbung,chòuyòupū
0435,skuntank,skuntank,moufflair,skutank,skuntank,tǎnkèchòuyòu
0436,bronzel,bronzor,archéomire,dohmirror,dongmirror,tóngjìngguài
0437,bronzong,bronzong,archéodong,dohtakun,dongtakgun,qīngtóngzhōng
0438,mobai,bonsly,manzaï,usohachi,kkojiji,péncáiguài
0439,pantimimi,mime-jr,mime-jr,manene,hungnaenae,móníní
0440,wonneira,happiny,ptiravi,pinpuku,pingbok,xiǎofúdàn
0441,plaudagei,chatot,pijako,perap,perape,guōzàoniǎo
0442,kryppuk,spiritomb,spiritomb,mikaruge,hwagangdol,huāyánguài
0443,kaumalat,gible,griknot,fukamaru,dipsangeodong,yuánlùshā
0444,knarksel,gabite,carmache,gabite,hanbite,jiānyálùshā
0445,knakrack,garchomp,carchacrok,gaburias,hankarias,lièyǎolùshā
0446,mampfaxo,munchlax,goinfrex,gonbe,moukgoja,xiǎokǎbǐshòu
0447,riolu,riolu,riolu,riolu,riolu,lì'ōulù
0448,lucario,lucario,lucario,lucario,lucario,lùkǎlì'ōu
0449,hippopotas,hippopotas,hippopotas,hippopotas,hipopotaseu,shāhémǎ
0450,hippoterus,hippowdon,hippodocus,kabaldon,hamadon,hémǎshòu
0451,pionskora,skorupi,rapion,scorupi,skorupi,qiánwěixiē
0452,piondragi,drapion,drascore,dorapion,drapion,lóngwángxiē
0453,glibunkel,croagunk,cradopaud,gureggru,pitakguri,bùliángwā
0454,toxiquak,toxicroak,coatox,dokurog,dokgaegul,dùkūwā
0455,venuflibis,carnivine,vortente,muskippa,museuteumni,jiānyálóng
0456,finneon,finneon,écayon,keikouo,hyeonggwangeo,yíngguāngyú
0457,lumineon,lumineon,luminéon,neolant,neolite,níhóngyú
0458,mantirps,mantyke,babimanta,tamanta,tamanta,xiǎoqiúfēiyú
0459,shnebedeck,snover,blizzi,yukikaburi,nunsseugae,xuělìguài
0460,rexblisar,abomasnow,blizzaroi,yukinooh,nunseolwang,bàoxuěwáng
0461,snibunna,weavile,dimoret,manyula,popunira,mǎniǔlā
0462,magnezone,magnezone,magnézone,jibacoil,zapokoil,zìbàocíguài
0463,schlurplek,lickilicky,coudlangue,berobelt,naerumbelt,dàshétiǎn
0464,rihornior,rhyperior,rhinastoc,dosidon,geodaekopuri,chāojiǎkuángxī
0465,tangoloss,tangrowth,bouldeneu,mojumbo,deongkurimbo,jùmànténg
0466,elevoltek,electivire,élekable,elekible,elekible,diànjīmóshòu
0467,magbrant,magmortar,maganon,booburn,magmaburn,yāzuǐyánshòu
0468,togekiss,togekiss,togekiss,togekiss,togekiss,bōkèjīsī
0469,yanmega,yanmega,yanmega,megayanma,megajari,yuǎngǔjùtíng
0470,folipurba,leafeon,phyllali,leafia,lipia,yèyībù
0471,glaziola,glaceon,givrali,glacia,geulleisia,bīngyībù
0472,skorgro,gliscor,scorvol,glion,glion,tiānxiēwáng
0473,mamutel,mamoswine,mammochon,mammoo,mammokkuri,xiàngyázhū
0474,porygon-z,porygon-z,porygon-z,porygon-z,porygonz,duōbiānshòuz-/-duōbiānshòuyǐxíng
0475,galagladi,gallade,gallame,erureido,ellade,àilùléiduǒ
0476,voluminas,probopass,tarinorme,dainose,daekopas,dàcháoběibí
0477,zwirrfinst,dusknoir,noctunoir,yonoir,yaneuwareumong,hēiyèmólíng
0478,frosdedje,froslass,momartik,yukimenoko,nunyeoa,xuěyāonǚ
0479,rotom,rotom,motisma,rotom,rotomu,luòtuōmǔ
0480,selfe,uxie,créhelf,yuxie,yuxie,yóukèxī
0481,vesprit,mesprit,créfollet,emrit,emrite,àimǔlìduō
0482,tobutz,azelf,créfadet,agnome,agnome,yàkènuòmǔ
0483,dialga,dialga,dialga,dialga,dialga,dìyálúkǎ
0484,palkia,palkia,palkia,palkia,palkia,pàlùqíyà
0485,heatran,heatran,heatran,heatran,heatran,xíduōlán'ēn
0486,regigigas,regigigas,regigigas,regigigas,regigigas,léijíqíkǎsī
0487,giratina,giratina,giratina,giratina,giratina,qílādìnà
0488,cresselia,cresselia,cresselia,cresselia,cresselia,kèléisèlìyà
0489,phione,phione,phione,phione,phione,fēi'ōunà
0490,manaphy,manaphy,manaphy,manaphy,manaphy,mǎnàfēi
0491,darkrai,darkrai,darkrai,darkrai,darkrai,dákèláiyī
0492,shaymin,shaymin,shaymin,shaymin,shaymin,xièmǐ
0493,arceus,arceus,arceus,arceus,arceus,ā'ěrzhòusī
0494,victini,victini,victini,victini,bikeutini,bǐkètíní
0495,serpifeu,snivy,vipélierre,tsutarja,juribiyan,téngténgshé
0496,efoserp,servine,lianaja,janovy,syabi,qīngténgshé
0497,serpiroyal,serperior,majaspic,jalorda,syaroda,jūnzhǔshé
0498,floink,tepig,gruikui,pokabu,ttukkuri,nuǎnnuǎnzhū
0499,ferkokel,pignite,grotichon,chaoboo,chaokkul,chǎochǎozhū
0500,flambirex,emboar,roitiflam,enbuoh,yeommuwang,yánwǔwáng
0501,ottaro,oshawott,moustillon,mijumaru,sudaengi,shuǐshuǐtǎ
0502,zwottronin,dewott,mateloutre,futachimaru,ssangeomzabi,shuāngrènwán
0503,admurai,samurott,clamiral,daikenki,daegeomgwi,dàjiànguǐ
0504,nagelotz,patrat,ratentif,minezumi,borujwi,tàntànshŭ
0505,kukmarda,watchog,miradar,miruhog,borugu,bùshàoshŭ
0506,yorkleff,lillipup,ponchiot,yorterrie,yorterrie,xiǎoyuēkè
0507,terribark,herdier,ponchien,herderrie,herderrie,hāyuēkè
0508,bissbark,stoutland,mastouffe,mooland,baland,chángmáogŏu
0509,felilou,purrloin,chacripan,choroneko,ssaebinyang,páshǒumāo
0510,kleoparda,liepard,léopardus,lepardas,lepardas,kùbào
0511,vegimak,pansage,feuillajou,yanappu,yanappu,huāyēhóu
0512,vegichita,simisage,feuiloutan,yanakkie,yanakkie,huāyēyuán
0513,grillmak,pansear,flamajou,baoppu,baoppu,bàoxiānghóu
0514,grillchita,simisear,flamoutan,baokkie,baokkie,bàoxiāngyuán
0515,sodamak,panpour,flotajou,hiyappu,atchappu,lěngshuǐhóu
0516,sodachita,simipour,flotoutan,hiyakkie,atchakkie,lěngshuǐyuán
0517,somniam,munna,munna,munna,mongna,shímèngmèng
0518,somnivora,musharna,mushana,musharna,mongyamna,mèngmèngshí
0519,dusselgurr,pidove,poichigeon,mamepato,kongdulgi,dòudòugē
0520,navitaub,tranquill,colombeau,hatoboh,yutobu,gūgūgē
0521,fasasnob,unfezant,déflaisan,kenhallow,kenhorrow,gāo'àozhìjī
0522,elezeba,blitzle,zébibron,shimama,julmyuma,bānbānmǎ
0523,zebritz,zebstrika,zéblitz,zebraika,zebraika,léidiànbānmǎ
0524,kiesling,roggenrola,nodulithe,dangoro,dangul,shíwánzǐ
0525,sedimantur,boldore,géolithe,gantle,amtru,dìmànyán
0526,brockoloss,gigalith,gigalithe,gigaiath,gigaiath,pángyánguài
0527,fleknoil,woobat,chovsourir,koromori,ttorbakjwi,gǔngǔnbiānfú
0528,fletiamo,swoobat,rhinolove,kokoromori,mambakjwi,xīnbiānfú
0529,rotomurf,drilbur,rototaupe,mogurew,dudeoryu,luódīngdìshǔ
0530,stalobor,excadrill,minotaupe,doryuzu,moldryu,lóngtóudìshǔ
0531,ohrdoch,audino,nanméouïe,tabunne,dabunie,chàbùduōwáwá
0532,praktibalk,timburr,charpenti,dokkorer,uratcha,bānyùnxiǎojiàng
0533,strepoli,gurdurr,ouvrifier,dotekkotsu,tosoegol,tiěgǔtǔrén
0534,meistagrif,conkeldurr,bétochef,roubushin,nobocheong,xiūjiànlǎojiàng
0535,schallquap,tympole,tritonde,otamaro,dongchaengi,yuánkēdǒu
0536,mebrana,palpitoad,batracné,gamagaru,dukkabi,lánchánchú
0537,branawarz,seismitoad,crapustule,gamageroge,dubiggul,chánchúwáng
0538,jiutesto,throh,judokrak,nageki,deonjimi,tóushuāiguǐ
0539,karadonis,sawk,karaclée,dageki,tagyeokgwi,dǎjīguǐ
0540,strawickl,sewaddle,larveyette,kurumiru,durbo,chóngbǎobāo
0541,folikon,swadloon,couverdure,kurumayu,durcoon,bǎobāojiǎn
0542,matrifol,leavanny,manternel,hahakomori,moameo,bǎomǔchóng
0543,toxiped,venipede,venipatte,fushide,madine,bǎizúwúgōng
0544,rollum,whirlipede,scobolide,wheega,hwilgu,chēlúnqiú
0545,cerapendra,scolipede,brutapode,pendror,pendror,wúgōngwáng
0546,waumboll,cottonee,doudouvet,monmen,somian,mùmiánqiú
0547,elfun,whimsicott,farfaduvet,elfuun,elfuun,fēngyāojīng
0548,lilminip,petilil,chlorobule,churine,chirilri,bǎihégēnwáwá
0549,dressella,lilligant,fragilady,dredear,dredear,qún'érxiǎojiě
0550,barschuft,basculin,bargantua,bassrao,bessnai,yěmánlúyú
0551,ganovil,sandile,mascaïman,meguroco,kkamnunku,hēiyǎn'è
0552,rokkaiman,krokorok,escroco,waruvile,akbir,hùnhùn'è
0553,rabigator,krookodile,crocorible,waruvial,akbiar,liúmáng'è
0554,flampion,darumaka,darumarond,darumakka,dalmakhwa,huǒhóngbùdǎowēng
0555,flampivian,darmanitan,darumacho,hihidaruma,bulbidalma,dámófèifèi
0556,maracamba,maractus,maracachi,maracacchi,maracacchi,shālíngxiānrénzhǎng
0557,lithomith,dwebble,crabicoque,ishizumai,dolsari,shíjūxiè
0558,castellith,crustle,crabaraque,iwapalace,ampalace,yándiànjūxiè
0559,zurrokex,scraggy,baggiguane,zuruggu,gonyulraeng,huáhuáxiǎozǐ
0560,irokex,scrafty,baggaïd,zuruzukin,gonyulgeoni,tóujīnhùnhùn
0561,symvolara,sigilyph,cryptéro,symboler,symboler,xiàngzhēngniǎo
0562,makabaja,yamask,tutafeh,desumasu,desumasu,kūkūmiànjù
0563,echnatoll,cofagrigus,tutankafer,desukarn,desunikan,sǐshénguān-/-diéshīguān
0564,galapaflos,tirtouga,carapagos,protoga,protoga,yuángàihǎiguī
0565,karippas,carracosta,mégapagos,abagoura,neukgolra,lèigǔhǎiguī
0566,flapteryx,archen,arkéapti,archen,aken,shǐzǔxiǎoniǎo
0567,aeropteryx,archeops,aéroptéryx,archeos,akeos,shǐzǔdàniǎo
0568,unratütox,trubbish,miamiasme,yabukuron,kkaebongi,pòpòdài
0569,deponitox,garbodor,miasmax,dustdas,dustna,huīchénshān
0570,zorua,zorua,zorua,zorua,zorua,suǒluóyà
0571,zoroark,zoroark,zoroark,zoroark,zoroark,suǒluóyàkè
0572,picochilla,minccino,chinchidou,chillarmy,chillarmy,pàomòlìshǔ
0573,chillabell,cinccino,pashmilla,chillaccino,chillaccino,qínuòlìshǔ
0574,mollimorba,gothita,scrutella,gothimu,goditeng,gēdébǎobǎo
0575,hypnomorba,gothorita,mesmérella,gothimiru,godibomi,gēdéxiǎotóng
0576,morbitesse,gothitelle,sidérella,gothiruselle,godimoiselle,gēdéxiǎojiě
0577,monozyto,solosis,nucléos,uniran,uniran,dānluǎnxìbāoqiú
0578,mitodos,duosion,méios,doublan,dyuran,shuāngluǎnxìbāoqiú
0579,zytomega,reuniclus,symbios,lanculus,lanculus,rénzàoxìbāoluǎn
0580,piccolente,ducklett,couaneton,koaruhie,kkojibori,yābǎobǎo
0581,swaroness,swanna,lakmécygne,swanna,swanna,wǔtiān'é
0582,gelatini,vanillite,sorbébé,vanipeti,vanipeti,mínǐbīng
0583,gelatroppo,vanillish,sorboul,vanirich,vanirich,duōduōbīng
0584,gelatwino,vanilluxe,sorbouboul,baivanilla,baevanilla,shuāngbèiduōduōbīng
0585,sesokitz,deerling,vivaldaim,shikijika,sacheolrok,sìjìlù
0586,kronjuwild,sawsbuck,haydaim,mebukijika,baracheolrok,méngyálù
0587,emolga,emolga,emolga,emonga,emonga,diànfēishǔ
0588,laukaps,karrablast,carabing,kaburumo,ttakjeonggon,gàigàichóng
0589,cavalanzas,escavalier,lançargot,chevargo,chevargo,qíshìwōniú
0590,tarnpignon,foongus,trompignon,tamagetake,kamnolberseul,āiyāqiúgū
0591,hutsassa,amoonguss,gaulet,morobareru,pporokna,bàilùqiúgū
0592,quabbel,frillish,viskuse,pururill,tengguril,qīngpiāopiāo
0593,apoquallyp,jellicent,moyade,burungel,taengtaenggel,pàngdūdū
0594,mamolida,alomomola,mamanbo,mamanbou,mambokchi,bǎomǔmànbō
0595,wattzapf,joltik,statitik,bachuru,pazzouok,diàndiànchóng
0596,voltula,galvantula,mygavolt,dentula,jeontula,diànzhīzhū
0597,kastadur,ferroseed,grindur,tesseed,cheolseed,zhǒngzǐtiěqiú
0598,tentantel,ferrothorn,noacier,nutrey,nutryung,jiānguǒyǎlíng
0599,klikk,klink,tic,giaru,giaru,chǐlún'ér
0600,kliklak,klang,clic,gigiaru,gigiaru,chǐlúnzǔ
0601,klikdiklak,klinklang,cliticlic,gigigiaru,gigigiaru,chǐlúnguài
0602,zapplardin,tynamo,anchwatt,shibishirasu,jeorieo,mámáxiǎoyú
0603,zapplalek,eelektrik,lampéroie,shibibeel,jeoriril,mámámán
0604,zapplarang,eelektross,ohmassacre,shibirudon,jeorideof,mámámányúwáng
0605,pygraulon,elgyem,lewsor,ligray,ligray,xiǎohuīguài
0606,megalon,beheeyem,neitram,ohbem,bemk,dàyǔguài
0607,lichtel,litwick,funécire,hitomoshi,bulkyeomi,zhúguānglíng
0608,laternecto,lampent,mélancolux,lampler,lampler,dēnghuǒyōulíng
0609,skelabra,chandelure,lugulabre,chandela,chandela,shuǐjīngdēnghuǒlíng
0610,milza,axew,coupenotte,kibago,teogeomni,yáyá
0611,sharfax,fraxure,incisache,onondo,axndo,fǔyálóng
0612,maxax,haxorus,tranchodon,ononokus,axrise,shuāngfǔzhànlóng
0613,petznief,cubchoo,polarhume,kumasyun,kogomi,pēntìxióng
0614,siberio,beartic,polagriffe,tunbear,tunbear,dòngyuánxióng
0615,frigometri,cryogonal,hexagel,freegeo,freegeo,jǐhéxuěhuā
0616,schnuthelm,shelmet,escargaume,chobomaki,jjomari,xiǎozuǐwō
0617,hydragil,accelgor,limaspeed,agilder,eojirideo,mǐnjiéchóng
0618,flunschlik,stunfisk,limonde,maggyo,medeo,níbāyú
0619,lin-fu,mienfoo,kungfouine,kojofu,bizofu,gōngfūyòu
0620,wie-shu,mienshao,shaofouine,kojondo,bizodo,shīfùyòu
0621,shardrago,druddigon,drakkarmin,crimgan,criman,chìmiànlóng
0622,golbit,golett,gringolem,gobit,golbiram,ní'ǒuxiǎorén
0623,golgantes,golurk,golemastoc,goloog,goloog,ní'ǒujùrén
0624,gladiantri,pawniard,scalpion,komatana,jamangkal,jūdāoxiǎobīng
0625,caesurio,bisharp,scalproie,kirikizan,jeolgakcham,pīzhǎnsīlìng
0626,bisofank,bouffalant,frison,buffron,buffron,bàozhàtóushuǐniú
0627,geronimatz,rufflet,furaiglon,washibon,suridungbo,máotóuxiǎoyīng
0628,washakwil,braviary,gueriaigle,warrgle,warrgle,yǒngshìxióngyīng
0629,skallyk,vullaby,vostourno,valchai,beolchai,tūyīngyātóu
0630,grypheldis,mandibuzz,vaututrice,vulgina,beorenjina,tūyīngnà
0631,furnifraß,heatmor,aflamanoir,kuitaran,antigol,róngyǐshòu
0632,fermicula,durant,fermite,aiant,aiant,tiěyǐ
0633,kapuno,deino,solochi,monozu,monodoo,dānshǒulóng
0634,duodino,zweilous,diamat,dihead,dihead,shuāngshǒubàolóng
0635,trikephalo,hydreigon,trioxhydre,sazandora,samsamdrae,sānshǒu'èlóng
0636,ignivor,larvesta,pyronille,merlarva,hwalhwaruba,ránshāochóng
0637,ramoth,volcarona,pyrax,ulgamoth,bulkamos,huǒshén'é
0638,kobalium,cobalion,cobaltium,cobalon,cobalon,gōupàlùwēng
0639,terrakium,terrakion,terrakium,terrakion,terrakion,dàilājīwēng
0640,viridium,virizion,viridium,virizion,virizion,bìlìjíwēng
0641,boreos,tornadus,boréas,tornelos,tornelos,lóngjuǎnyún
0642,voltolos,thundurus,fulguris,voltolos,voltolos,léidiànyún
0643,reshiram,reshiram,reshiram,reshiram,reshiram,láixīlāmǔ
0644,zekrom,zekrom,zekrom,zekrom,zekrom,jiékèluómǔ
0645,demeteros,landorus,démétéros,landlos,landlos,tǔdìyún
0646,kyurem,kyurem,kyurem,kyurem,kyurem,qiúléimǔ
0647,keldeo,keldeo,keldeo,keldeo,kereudio,kǎilùdí'ōu
0648,meloetta,meloetta,meloetta,meloetta,meroetta,měiluòyētǎ
0649,genesect,genesect,genesect,genesect,genosekeuteu,gàinuòsàikètè
0650,igamaro,chespin,marisson,harimaron,dochimaron,hālìlì
0651,igastarnish,quilladin,boguérisse,hariborg,dochibogu,pàngpànghālì
0652,brigaron,chesnaught,blindépique,brigarron,beurigaron,bùlǐkǎlóng
0653,fynx,fennekin,feunnec,fokko,puhokko,huǒhúlí
0654,rutena,braixen,roussil,tairenar,tereuna,chángwěihuǒhú
0655,fennexis,delphox,goupelin,mahoxy,mapoksi,yāohuǒhónghú
0656,froxy,froakie,grenousse,keromatsu,gaegumareu,guāguāpàowā
0657,amphizel,frogadier,croâporal,gekogashira,gaegulbanjang,guātóuwā
0658,quajutsu,greninja,amphinobi,gekkouga,gaegulninja,jiǎhèrěnwā
0659,scoppel,bunnelby,sapereau,horubee,pareubit,juéjuétù
0660,grebbit,diggersby,excavarenne,horudo,pareuto,juédìtù
0661,dartiri,fletchling,passerouge,yayakoma,hwasal'kkobin,xiǎojiànquè
0662,dartignis,fletchinder,braisillon,hinoyakoma,bulhwasalbin,huǒjiànquè
0663,fiaro,talonflame,flambusard,fiarrow,pai'eoro,lièjiànyīng
0664,purmel,scatterbug,lépidonille,kofukimushi,bun'ibeolle,fěndiéchóng
0665,puponcho,spewpa,pérégrain,kofuurai,bun'ddeodori,fěndiéyǒng
0666,vivillon,vivillon,prismillon,viviyon,bibiyong,cǎifěndié
0667,leufeo,litleo,hélionceau,shishiko,re'okko,xiǎoshīshī
0668,pyroleo,pyroar,némélios,kaenjishi,hwayeomre'o,huǒyánshī
0669,flabébé,flabébé,flabébé,flabebe,peullabebe,huābèibèi
0670,floette,floette,floette,floette,peullaette,huāyèdì
0671,florges,florges,florges,florges,peullajeseu,huājiéfūrén
0672,mähikel,skiddo,cabriolaine,meecle,meikeul,zuòqíxiǎoyáng
0673,chevrumm,gogoat,chevroum,gogoat,gogoteu,zuòqíshānyáng
0674,pam-pam,pancham,pandespiègle,yancham,panjjang,wánpíxióngmāo
0675,pandagro,pangoro,pandarbare,goronda,buranda,liúmángxióngmāo-/-bàdàoxióngmāo
0676,coiffwaff,furfrou,couafarel,trimmien,teurimiang,duōlìmǐyà
0677,psiau,espurr,psystigri,nyasper,nyaseupeo,miàomiāo
0678,psiaugon,meowstic,mistigrix,nyaonix,nyaonikseu,chāonéngmiàomiāo
0679,gramokles,honedge,monorpale,hitotsuki,dankalbing,dújiànqiào
0680,duokles,doublade,dimoclès,nidangill,ssanggeomkil,shuāngjiànqiào
0681,durengard,aegislash,exagide,gillgard,kilgareudo,jiāndùnjiànguài
0682,parfi,spritzee,fluvetin,shushupu,syuppeu,fěnxiāngxiāng
0683,parfinesse,aromatisse,cocotine,frefuwan,peurepeutireu,fāngxiāngjīng
0684,flauschling,swirlix,sucroquin,peroppafu,narumpeopeu,miánmiánpàofú
0685,sabbaione,slurpuff,cupcanaille,peroream,narurim,pàngtiánnī
0686,iscalar,inkay,sepiatop,maaiika,okeijing,hǎolāyóu
0687,calamanero,malamar,sepiatroce,calamanero,kallamanero,wūzéiwáng
0688,bithora,binacle,opermine,kametete,geoboksonson,guījiǎojiǎo
0689,thanathora,barbaracle,golgopathe,gamenodes,geoboksondeseu,guīzújùkǎi
0690,algitt,skrelp,venalgue,kuzumo,suregi,lālāzǎo
0691,tandrak,dragalge,kravarech,dramidoro,deuraekam,dúzǎolóng
0692,scampisto,clauncher,flingouste,udeppou,wancheolpo,tiěbìqiāngxiā
0693,wummer,clawitzer,gamblast,bloster,beulloseuteo,gāngpàobìxiā
0694,eguana,helioptile,galvaran,erikiteru,mokdorikitel,sǎndiànxī
0695,elezard,heliolisk,iguolta,elezard,illedorijadeu,guāngdiànsǎnxī
0696,balgoras,tyrunt,ptyranidur,chigoras,tigoraseu,bǎobǎobàolóng
0697,monargoras,tyrantrum,rexillius,gachigoras,gyeongoraseu,guài'èlóng
0698,amarino,amaura,amagara,amarus,amaruseu,bīngxuělóng
0699,amagarga,aurorus,dragmara,amaruruga,amarureuga,bīngxuějùlóng
0700,feelinara,sylveon,nymphali,nymphia,nymphia,xiānzǐyībù
0701,resladero,hawlucha,brutalibré,luchabull,ruchabul,shuāijiǎoyīngrén
0702,dedenne,dedenne,dedenne,dedenne,dedenne,dōngdōngshǔ
0703,rocara,carbink,strassie,melecie,mellisi,xiǎosuìzuàn
0704,viscora,goomy,mucuscule,numera,mikkeumera,niánniánbǎo
0705,viscargot,sliggoo,colimucus,numeil,mikkeunaeil,niánměi'ér
0706,viscogon,goodra,muplodocus,numelgon,mikkeuraegon,niánměilóng
0707,clavion,klefki,trousselin,cleffy,keullepi,yàoquān'ér
0708,paragoni,phantump,brocélôme,bokurei,namokryeong,xiǎomùlíng
0709,trombork,trevenant,desséliande,ohrot,daeroteu,xiǔmùyāo
0710,irrbis,pumpkaboo,pitrouille,bakeccha,hobagwi,nánguājīng
0711,pumpdjinn,gourgeist,banshitrouye,pumpjin,peomkin'in,nánguāguàirén
0712,arktip,bergmite,grelaçon,kachikohru,kkong'eoreum,bīngbǎo
0713,arktilas,avalugg,séracrawl,crebase,keurebeiseu,bīngyánguài
0714,ef-em,noibat,sonistrelle,onbat,eumbaet,wēngfú
0715,uhafnir,noivern,bruyverne,onvern,eumbeon,yīnbōlóng
0716,xerneas,xerneas,xerneas,xerneas,xerneas,zhé'ěrníyàsī
0717,yveltal,yveltal,yveltal,yveltal,yveltal,yīpéi'ěrtǎ'ěr
0718,zygarde,zygarde,zygarde,zygarde,jigareude,jīgé'ěrdé
0719,diancie,diancie,diancie,diancie,diancie,dì'ānxī
0720,hoopa,hoopa,hoopa,hoopa,hoopa,húpà
0721,volcanion,volcanion,volcanion,volcanion,volcanion,bō'ěrkǎiní'ēn
0722,bauz,rowlet,brindibou,mokuroh,namolppaemi,mùmùxiāo
0723,arboretoss,dartrix,efflèche,fukuthrow,ppaemiseurou,tóuyǔxiāo
0724,silvarro,decidueye,archéduc,junaiper,mokeunaipeo,jūshèshùxiāo
0725,flamiau,litten,flamiaou,nyabby,nyaobul,huǒbānmiāo
0726,miezunder,torracat,matoufeu,nyaheat,nyaohiteu,yánrèmiāo
0727,fuegro,incineroar,félinferno,gaogaen,eoheungyeom,chìyànpáoxiàohǔ
0728,robball,popplio,otaquin,ashimari,nurigong,qiúqiúhǎishī
0729,marikeck,brionne,otarlette,osyamari,kiyogong,huāyànghǎishī
0730,primarene,primarina,oratoria,ashirene,nurireneu,xīshīhǎirén
0731,peppeck,pikipek,picassaut,tsutsukera,kokkoguri,xiǎodǔ'ér
0732,trompeck,trumbeak,piclairon,kerarappa,keurapa,lǎbāzhuóniǎo
0733,tukanon,toucannon,bazoucan,dodekabashi,wangkeunburi,chòngzuǐdàniǎo
0734,mangunior,yungoos,manglouton,youngoose,yeongguseu,māoyòushào
0735,manguspektor,gumshoos,argouste,dekagoose,hyeongsaguseu,māoyòutànzhǎng
0736,mabula,grubbin,larvibule,agojimushi,teokjichung-i,qiáng'èjīmǔchóng
0737,akkup,charjabug,chrysapile,dendimushi,jeonjichung-i,chóngdiànbǎo
0738,donarion,vikavolt,lucanon,kuwagannon,tuguppunon,qiāonóngpàochóng
0739,krabbox,crabrawler,crabagarre,makenkani,ogijige,hàoshèngxiè
0740,krawell,crabominable,crabominable,kekenkani,modandange,hàoshèngmáoxiè
0741,choreogel,oricorio,plumeline,odoridori,chumchusae,huāwǔniǎo
0742,wommel,cutiefly,bombydou,abuly,ebeulli,méngméng
0743,bandelby,ribombee,rubombelle,aburibbon,eribon,diéjiéméngméng
0744,wuffels,rockruff,rocabot,iwanko,ammeong-i,yángǒugǒu
0745,wolwerock,lycanroc,lougaroc,lugarugan,rugaruam,zōngyánlángrén
0746,lusardin,wishiwashi,froussardine,yowashi,yageori,ruòdīngyú
0747,garstella,mareanie,vorastérie,hidoide,simasari,hǎohuàixīng
0748,aggrostella,toxapex,prédastérie,dohidoide,deosimasari,chāohuàixīng
0749,pampuli,mudbray,tiboudet,dorobanko,meodeunagi,nílǘzǐ
0750,pampross,mudsdale,bourrinos,banbadoro,manmadeu,zhòngníwǎnmǎ
0751,araqua,dewpider,araqua,shizukumo,mulgeomi,dīzhū
0752,aranestro,araquanid,tarenbulle,onishizukumo,kkaebimulgeomi,dīzhūbà
0753,imantis,fomantis,mimantis,karikiri,jjarangnang,wěitángcǎo
0754,mantidea,lurantis,floramantis,lalantes,rarantiseu,lántánghuā
0755,bubungus,morelull,spododo,nemasyu,jamasyu,shuìshuìgū
0756,lamellux,shiinotic,lampignon,mashade,masheideu,dēngzhàoyègū
0757,molunk,salandit,tritox,yatoumori,yadonyong,yèdàohuǒxī
0758,amfira,salazzle,malamandre,ennewt,yeomnyuteu,yànhòuxī
0759,velursi,stufful,nounourson,nuikoguma,pogomgom,tóng'ǒuxióng
0760,kosturso,bewear,chelours,kiteruguma,ibeun-gom,chuānzhuóxióng
0761,frubberl,bounsweet,croquine,amakaji,dalkom-a,tiánzhúzhú
0762,frubaila,steenee,candine,amamaiko,dalmurina,tiánwǔnī
0763,fruyal,tsareena,sucreine,amajo,dalkokwin,tiánlěngměihòu
0764,curelei,comfey,guérilande,cuwawa,kyuaring,huāliáohuánhuán
0765,kommandutan,oranguru,gouroutan,yareyuutan,harang-utan,zhìhuīxīng
0766,quartermak,passimian,quartermac,nagetukesaru,naedeonsung-i,tóuzhìhóu
0767,reißlaus,wimpod,sovkipou,kosokumushi,kkosire,dǎnxiǎochóng
0768,tectass,golisopod,sarmuraï,gusokumusha,gapjumusa,jùjiǎwǔzhě
0769,sankabuh,sandygast,bacabouh,sunaba,moraekkung,shāqiūwá
0770,colossand,palossand,trépassable,sirodethna,moraeseongidang,shìshābǎoyé
0771,gufa,pyukumuku,concombaffe,namakobushi,haemugi,quánhǎishēn
0772,typ:null,type:-null,type:0,type:null,type:null,shǔxìng:kōng
0773,amigento,silvally,silvallié,silvady,silbeodi,yínbànzhànshòu
0774,meteno,minior,météno,meteno,meteno,xiǎoyǔnxīng
0775,koalelu,komala,dodoala,nekkoara,jamalla,shùzhěnwěixióng
0776,tortunator,turtonator,boumata,bakugames,pokgeobukseu,bàoyànguīshòu
0777,togedemaru,togedemaru,togedemaru,togedemaru,togedemaru,tuōgēdémǎ'ěr
0778,mimigma,mimikyu,mimiqui,mimikkyu,ttarakyu,mínǐq-/-mínǐqiū
0779,knirfish,bruxish,denticrisse,hagigishiri,chigalgi,móyácǎipíyú
0780,sen-long,drampa,draïeul,jijilong,halbirong,lǎowēnglóng
0781,moruda,dhelmise,sinistrail,dadarin,tataryun,pòpòduòlún
0782,miniras,jangmo-o,bébécaille,jyarako,jjarangkko,xīnlínbǎo
0783,mediras,hakamo-o,écaïd,jyarango,jjaranggou,línjiǎlóng
0784,grandiras,kommo-o,ékaïser,jyararanga,jjaranggougeo,zhàngwěilínjiǎlóng
0785,kapu-riki,tapu-koko,tokorico,kapu-kokeko,kapukkokkokkok,kǎpú·míngmíng
0786,kapu-fala,tapu-lele,tokopiyon,kapu-tetefu,kapunabina,kǎpú·diédié
0787,kapu-toro,tapu-bulu,tokotoro,kapu-bulul,kapubeururu,kǎpú·mōumōu
0788,kapu-kime,tapu-fini,tokopisco,kapu-rehire,kapuneujineu,kǎpú·qíqí
0789,cosmog,cosmog,cosmog,cosmog,koseumogeu,kēsīmògǔ
0790,cosmovum,cosmoem,cosmovum,cosmovum,koseumoum,kēsīmòmǔ
0791,solgaleo,solgaleo,solgaleo,solgaleo,solgaleo,suǒ'ěrjiāléi'ōu
0792,lunala,lunala,lunala,lunala,lunala,lùnàiyǎlā
0793,anego,nihilego,zéroïd,uturoid,teongbideu,xūwúyīdé
0794,masskito,buzzwole,mouscoto,massivoon,maesibung,bàojīwén
0795,schabelle,pheromosa,cancrelove,pheroache,perokoche,fèiluòměiláng
0796,voltriant,xurkitree,câblifère,denjyumoku,jeonsumok,diànshùmù
0797,kaguron,celesteela,bamboiselle,tekkaguya,cheolhwaguya,tiěhuǒhuīyè
0798,katagami,kartana,katagami,kamiturugi,jong-isindo,zhǐyùjiàn
0799,schlingking,guzzlord,engloutyran,akuziking,aksikking,èshídàwáng
0800,necrozma,necrozma,necrozma,necrozma,necrozma,nàikèluòzīmǎ
0801,magearna,magearna,magearna,magearna,magearna,mǎjīyǎnà
0802,marshadow,marshadow,marshadow,marshadow,marshadow,mǎxiàduō
0803,venicro,poipole,vémini,bevenom,bebenom,dúbèibǐ
0804,agoyon,naganadel,mandrillon,agoyon,agoyong,sì'èzhēnlóng
0805,muramura,stakataka,ama-ama,tundetunde,chagogchagog,lěilěishí
0806,kopplosio,blacephalon,pierroteknik,zugadoon,dupapang,pēngtóuxiǎochǒu
0807,zeraora,zeraora,zeraora,zeraora,jeraora,jiélā'àolā
0808,meltan,meltan,meltan,meltan,meltan,měilùtǎn
0809,melmetal,melmetal,melmetal,melmetal,melmetal,měilùméitǎ
0810,chimpep,grookey,ouistempo,sarunori,heungnasung,qiāoyīnhóu
0811,chimstix,thwackey,badabouin,bachinkey,chaekimong,pādōnghóu
0812,gortrom,rillaboom,gorythmic,gorirander,golilta,hōnglèijīngāngxīng
0813,hopplo,scorbunny,flambino,hibanny,yeombeoni,yántù'ér
0814,kickerlo,raboot,lapyro,rabbifuto,raebipus,téngcùxiǎojiàng
0815,liberlo,cinderace,pyrobut,aceburn,eiseubeon,shǎnyànwángpái
0816,memmeon,sobble,larméléon,messon,ulmeogi,lèiyǎnxī
0817,phlegleon,drizzile,arrozard,jimereon,nugelle-on,biànsèxī
0818,intelleon,inteleon,lézargus,intereon,intellile-on,qiānmiànbìyì
0819,raffel,skwovet,rongourmand,hoshigarisu,tamliseu,tānxīnlìshǔ
0820,schlaraffel,greedent,rongrigou,yokubarisu,yossingliseu,cángbǎolìshǔ
0821,meikro,rookidee,minisange,kokogara,palakko,zhìshānquè
0822,kranoviz,corvisquire,bleuseille,aogarasu,pakeulou,lányā
0823,krarmor,corviknight,corvaillus,armorga,ameokkao,gāngkǎiyā
0824,sensect,blipbug,larvadar,sacchimushi,dulujibeolle,suǒzhēnchóng
0825,keradar,dottler,coléodôme,redomushi,ledombeolle,tiānzhàochóng
0826,maritellit,orbeetle,astronelle,eolb,iolbeu,yǐ'ōulùpǔ
0827,kleptifux,nickit,goupilou,kusune,humcheou,tōu'érhú-/-jiǎoxiǎohú
0828,gaunux,thievul,roublenard,foxly,pogseullai,húdàdào-/-huádàhú
0829,cottini,gossifleur,tournicoton,himenka,kkomoka,yòumiánmián
0830,cottomi,eldegoss,blancoton,watashiraga,baegsommoka,báipéngpéng
0831,wolly,wooloo,moumouton,wooluu,uleu,máobiànyáng
0832,zwollock,dubwool,moumouflon,baiwooluu,baeuleu,máomáojiǎoyáng
0833,kamehaps,chewtle,khélocrok,kamukame,kkaemulbugi,yǎoyǎoguī
0834,kamalm,drednaw,torgamord,kajirigame,galgabugi,bàoshìguī
0835,voldi,yamper,voltoutou,wanpachi,meongpachi,láidiànwāng
0836,bellektro,boltund,fulgudog,pulsewan,peolseumeong,zhúdiànquǎn
0837,klonkett,rolycoly,charbi,tandon,tandong,xiǎotànzǐ
0838,wagong,carkol,wagomine,toroggon,tanchagon,dàtànchē
0839,montecarbo,coalossal,monthracite,sekitanzan,seogtansan,jùtànshān
0840,knapfel,applin,verpom,kajicchu,gwasasagbeolle,kěnguǒchóng
0841,drapfel,flapple,pomdrapi,appryu,aepeulyong,píngguǒlóng
0842,schlapfel,appletun,dratatin,tarupple,danjiraepeul,fēngmìlóng
0843,salanga,silicobra,dunaja,sunahebi,molaebaem,shābāoshé
0844,sanaconda,sandaconda,dunaconda,sadaija,sadaisa,shāluómǎng
0845,urgl,cramorant,nigosier,uu,euguji,gǔyuèniǎo
0846,pikuda,arrokuda,embrochet,sasikamasu,jjilokkochi,cìsuōyú
0847,barrakiefa,barraskewda,hastacuda,kamasujaw,kkochijo,hùdǒujiānsuō
0848,toxel,toxel,toxizap,eleson,illejeun,dúdiànyīng-/-diànyīnyīng
0849,riffex,toxtricity,salarsen,strinder,seuteulindeo,chànxiánróngyuán
0850,thermopod,sizzlipede,grillepattes,yakude,taeujine,shāohuǒgōng
0851,infernopod,centiskorch,scolocendre,maruyakude,dataeujine,fényàngōng
0852,klopptopus,clobbopus,poulpaf,tatakko,ttaettaemuno,quánquánxiāo
0853,kaocto,grapploct,krakos,otosupus,ke'opeoseu,bāzhuǎwǔshī
0854,fatalitee,sinistea,théffroi,yabacha,deincha,láibēichá
0855,mortipot,polteageist,polthégeist,potdeath,poteudeseu,bùsīhú
0856,brimova,hatenna,bibichut,mibrim,momjibeulim,míbùlìmǔ
0857,brimano,hattrem,chapotus,tebrim,sonjibeulim,tíbùlìmǔ
0858,silembrim,hatterene,sorcilence,brimuon,beulimueum,bùlìmǔwēn
0859,bähmon,impidimp,grimalin,beroba,melongkkung,dǎodànxiǎoyāo
0860,pelzebub,morgrem,fourbelin,gimoh,ssogyeomo,zhàhǔmó
0861,olangaar,grimmsnarl,angoliath,ohlonge,olongteol,chángmáojùmó
0862,barrikadax,obstagoon,ixon,tachifusaguma,galomagguli,dǔlánxióng
0863,mauzinger,perrserker,berserkatt,nyaiking,naiking,miāotóumù
0864,gorgasonn,cursola,corayôme,sunigoon,sanholeugon,mólíngshānhú
0865,lauchzelot,sirfetchd,palarticho,negigaknight,changpanaiteu,cōngyóubīng
0866,pantifrost,mr-rime,m-glaquette,barrikohru,maimkkongkkong,tàbīngrén'ǒu
0867,oghnatoll,runerigus,tutétékri,deathbarn,deseupan,sǐshénbǎn-/-diéshībǎn
0868,hokumil,milcery,crèmy,mahomil,mabilkeu,xiǎoxiānnǎi
0869,pokusan,alcremie,charmilly,mawhip,mahwiping,shuāngnǎixiān
0870,legios,falinks,hexadron,tairetsu,daeyeoleu,lièzhènbīng
0871,britzigel,pincurchin,wattapik,bachinuni,jjileuseong-ge,pāchāhǎidǎn
0872,snomnom,snom,frissonille,yukihami,nunimeogi,xuětūnchóng
0873,mottineva,frosmoth,beldeneige,mothnow,moseunou,xuěróng'é
0874,humanolith,stonjourner,dolman,ishihengin,dolhenjin,jùshídīng
0875,kubuin,eiscue,bekaglaçon,korippo,bingkyubo,bīngqì'é
0876,servol,indeedee,wimessir,yessan,esseoleu,àiguǎnshì
0877,morpeko,morpeko,morpeko,morpeko,moleupeko,mòlǔbèikě
0878,kupfanti,cufant,charibari,zoudou,kkilidong,tóngxiàng
0879,patinaraja,copperajah,pachyradjah,daioudou,daewangkkilidong,dàwángtóngxiàng
0880,lectragon,dracozolt,galvagon,patchiragon,pachilaegon,léiniǎolóng
0881,lecryodon,arctozolt,galvagla,patchilldon,pachileudon,léiniǎohǎishòu
0882,pescragon,dracovish,hydragon,uonoragon,eolaegon,sāiyúlóng
0883,pescryodon,arctovish,hydragla,uochilldon,eochileudon,sāiyúhǎishòu
0884,duraludon,duraludon,duralugon,duraludon,dulalludon,lǚgānglóng
0885,grolldra,dreepy,fantyrm,dorameshiya,deulakkon,duōlóngméixīyà
0886,phandra,drakloak,dispareptil,doronch,deulaeleonchi,duōlóngqí
0887,katapuldra,dragapult,lanssorien,dorapult,deulaepeolteu,duōlóngbālǔtuō
0888,zacian,zacian,zacian,zacian,jasian,cāngxiǎng
0889,zamazenta,zamazenta,zamazenta,zamazenta,jamajenta,zàngmǎrántè
0890,endynalos,eternatus,éthernatos,mugendina,muhandaino,wújítàinà
0891,dakuma,kubfu,wushours,dakuma,chigoma,xióngtúdì
0892,wulaosu,urshifu,shifours,wulaosu,ulaoseu,wǔdàoxióngshī
0893,zarude,zarude,zarude,zarude,jarudo,sàlùdé
0894,regieleki,regieleki,regieleki,regieleki,rejieleki,léijí'àilèqí
0895,regidrago,regidrago,regidrago,regidorago,rejideuraego,léijíduólāgē
0896,polaross,glastrier,blizzeval,blizzapos,beullijaposeu,xuěbàomǎ
0897,phantoross,spectrier,spectreval,wraithpos,reiseuposeu,língyōumǎ
0898,coronospa,calyrex,sylveroy,budrex,beodeuregseu,lěiguānwáng
0899,damythir,wyrdeer,cerbyllin,ayashishi,sinbirok,guǐjiǎolù
0900,axantor,kleavor,hachécateur,basagiri,samajareu,pīfǔtángláng
0901,ursaluna,ursaluna,ursaking,gachiguma,datugom,yuèyuèxióng
0902,salmagnis,basculegion,paragruel,idaitou,daesseuyeoneo,yōuwěixuányú
0903,snieboss,sneasler,farfurex,ohnyula,popunikeu,dàniǔlā
0904,myriador,overqwil,qwilpik,haryman,jangchimbaru,wànzhēnyú
0905,cupidos,enamorus,amovénus,lovetolos,leobeuloseu,juànliànyùn
0906,felori,sprigatito,poussacha,nyahoja,naoha,xīnyèmiāo
0907,feliospa,floragato,matourgeon,nyarote,dèlěimiāo
0908,maskagato,meowscarada,miascarade,masquernya,móhuànjiǎmiànmiāo
0909,krokel,fuecoco,chochodile,hogator,tteuageo,dāihuǒ'è
0910,lokroko,crocalor,crocogril,achigator,zhìtàng'è
0911,skelokrok,skeledirge,flâmigator,loudbone,gǔwénjùshēng'è
0912,kwaks,quaxly,coiffeton,kuwassu,kkuwakseu,rùnshuǐyā
0913,fuentente,quaxwell,canarbello,welkamo,yǒngyuèyā
0914,bailonda,quaquaval,palmaval,wanival,kuánghuānlàngwǔyā
0915,ferkuli,lechonk,gourmelet,gourton,matbodon,àichītún
0916,fragrunz,oinkologne,fragroin,perfuton,peopyudon,piāoxiāngtún
0917,tarundel,tarountula,tissenboule,tamantula,tuánzhūzhū
0918,spinsidias,spidops,filentrappe,wanaider,cāoxiànzhū
0919,micrick,nymble,lilliterelle,mamebatta,dòuxīshuài
0920,lextremo,lokix,gambex,exleg,liètuǐhuáng
0921,pamo,pawmi,pohm,pamo,ppamo,bùbō
0922,pamamo,pawmo,pohmotte,pamot,bùtǔbō
0923,pamomamo,pawmot,pohmarmotte,parmot,ppaleumoteu,bābùtǔbō
0924,zwieps,tandemaus,compagnol,wakkanezumi,yīduìshǔ
0925,famieps,maushold,famignol,ikkanezumi,yījiāshǔ
0926,hefel,fidough,pâtachiot,pupimocchi,jjondogi,gǒuzǎibāo
0927,backel,dachsbun,briochien,bowtzel,máhuāquǎn
0928,olini,smoliv,olivini,minive,minibeu,mínǐfú
0929,olivinio,dolliv,olivado,olinyo,àolìniǔ
0930,olithena,arboliva,arboliva,oliva,àolìwǎ
0931,krawalloro,squawkabilly,tapatoès,ikirinko,nùyīnggē
0932,geosali,nacli,selutin,kojio,yánshíbǎo
0933,sedisal,naclstack,amassel,jiodumu,yánshílěi
0934,saltigant,garganacl,gigansel,kyojiohn,yánshíjùlíng
0935,knarbon,charcadet,charbambin,carbou,kareubon,tànxiǎoshì
0936,crimanzo,armarouge,carmadura,gurenarma,kadinareuma,hóngliánkǎiqí
0937,azugladis,ceruledge,malvalame,soublades,palabeulleijeu,cāngyánrènguǐ
0938,blipp,tadbulb,têtampoule,zupika,guāngdǒuzǐ
0939,wampitz,bellibolt,ampibidou,harabarie,jjilibaeli,diàndùwā
0940,voltrel,wattrel,zapétrel,kaiden,diànhǎiyàn
0941,voltrean,kilowattrel,fulgulairo,taikaiden,dàdiànhǎiyàn
0942,mobtiff,maschiff,grondogue,orachifu,ǒujiào'áo
0943,mastifioso,mabosstiff,dogrino,mafitiff,áojiàofù
0944,sproxi,shroodle,gribouraigne,shirushrew,zīzhīyǎn
0945,affiti,grafaiai,tag-tag,taggingru,taegingguleu,túbiāokè
0946,weherba,bramblin,virovent,anokusa,nàshìcǎo
0947,horrerba,brambleghast,virevorreur,anohoragusa,bùnàshìcǎo
0948,tentagra,toedscool,terracool,nonokurage,deulnunhae,yuányěshuǐmǔ
0949,tenterra,toedscruel,terracruel,rikukurage,yukpali,lùdìshuǐmǔ
0950,klibbe,klawf,craparoi,gakegani,jeolbyeoge,máoyáxiè
0951,chilingel,capsakid,pimito,capsaiji,rèlàwá
0952,halupenjo,scovillain,scovilain,scovillain,hěnlàjiāo
0953,relluk,rellor,léboulérou,shigaroko,chónggǔnní
0954,skarabaks,rabsca,bérasca,beracas,chóngjiǎshèng
0955,flattutu,flittle,flotillon,hirahina,piāopiāochú
0956,psiopatra,espathra,cléopsytra,cuespatra,chāonéngyàntuó
0957,forgita,tinkatink,forgerette,kanuchan,eolijjang,xiǎoduàn
0958,tafforgita,tinkatuff,forgella,nakanuchan,byeolijjang,qiǎoduànjiàng
0959,granforgita,tinkaton,forgelina,dekanuchan,dudeulijjang,jùduànjiàng
0960,schligda,wiglett,taupikeau,umidigda,badageuda,hǎidìshǔ
0961,schligdri,wugtrio,triopikeau,umitrio,sānhǎidìshǔ
0962,adebom,bombirdier,lestombaile,otoshidori,tteolgusae,xiàshíniǎo
0963,normifin,finizen,dofin,namiiruka,bōpǔhǎitún
0964,delfinator,palafin,superdofin,irukaman,hǎitúnxiá
0965,knattox,varoom,vrombi,buroron,pūlónglóng
0966,knattatox,revavroom,vrombotor,burororoom,pǔlónglóngmǔ
0967,mopex,cyclizar,motorizard,mototokage,motoma,mótuōxī
0968,schlurm,orthworm,ferdeter,mimizuzu,tuōtuōyǐn
0969,lumispross,glimmet,germéclat,kirame,jīngguāngyá
0970,lumiflora,glimmora,floréclat,kiraflor,jīngguānghuā
0971,gruff,greavard,toutombe,bochi,mangmangi,mùzǎigǒu
0972,friedwuff,houndstone,tomberro,hakadog,mùyángquǎn
0973,flaminkno,flamigo,flamenroule,karamingo,chánhónghè
0974,flaniwal,cetoddle,piétacé,arukujira,zǒujīng
0975,kolowal,cetitan,balbalèze,halkujira,urakgorae,hàodàjīng
0976,agiluza,veluza,délestin,migalusa,qīngshēnxuě
0977,heerashai,dondozo,oyacata,heyrusher,chīhǒubà
0978,nigiragi,tatsugiri,nigirigon,syaritatsu,ssaliyong,mǐlìlóng
0979,epitaff,annihilape,courrousinge,konoyozaru,qìshìhóu
0980,suelord,clodsire,terraiste,dooh,tǔwáng
0981,farigiraf,farigiraf,farigiraf,rikikirin,kikiling,qíqílín
0982,dummimisel,dudunsparce,deusolourdo,nokokochi,tǔlóngjiéjié
0983,gladimperio,kingambit,scalpereur,dodogezan,pūzhǎnjiāngjūn-/-pūdāojiāngjūn
0984,riesenzahn,great-tusk,fort-ivoire,idainakiba,widaehan-eomni,xióngwěiyá
0985,brüllschweif,scream-tail,hurle-queue,sakebushippo,hǒujiàowěi
0986,wutpilz,brute-bonnet,fongus-furie,araburutake,měng'ègū
0987,flatterhaar,flutter-mane,flotte-mèche,habatakukami,zhènyìfà
0988,kriechflügel,slither-wing,rampe-ailes,chiwohauhane,pádìchì
0989,sandfell,sandy-shocks,pelage-sablé,sunanokegawa,shātiěpí
0990,eisenrad,iron-treads,roue-de-fer,tetsunowadachi,musoebakwi,tiěchèjì
0991,eisenbündel,iron-bundle,hotte-de-fer,tetsunotsutsumi,tiěbāofú
0992,eisenhand,iron-hands,paume-de-fer,tetsunokaina,tiěbìbǎng
0993,eisenhals,iron-jugulis,têtes-de-fer,tetsunokoube,tiěbójǐng
0994,eisenfalter,iron-moth,mite-de-fer,tetsunodokuga,tiědú'é
0995,eisendorn,iron-thorns,épine-de-fer,tetsunoibara,tiějīngjí
0996,frospino,frigibax,frigodo,sebie,liángjǐlóng
0997,cryospino,arctibax,cryodo,segohru,dòngjǐlóng
0998,espinodon,baxcalibur,glaivodo,seglaive,jǐjǐlóng
0999,gierspenst,gimmighoul,mordudor,collecurei,moeulyeong,suǒcáilíng
1000,monetigo,gholdengo,gromago,surfugo,tabujago,sàifùháo
1001,chongjian,wo-chien,chongjian,chionjen,chongjien,gǔjiǎnwō
1002,baojian,chien-pao,baojian,paojian,paojen,gǔjiànbào
1003,dinglu,ting-lu,dinglu,dinlu,dinglu,gǔdǐnglù
1004,yuyu,chi-yu,yuyu,yiyui,wiyui,gǔyùyú
1005,donnersichel,roaring-moon,rugit-lune,todorokutsuki,hōngmíngyuè
1006,eisenkrieger,iron-valiant,garde-de-fer,tetsunobujin,tiěwǔzhě
1007,koraidon,koraidon,koraidon,koraidon,koraidon,gùlēidùn
1008,miraidon,miraidon,miraidon,miraidon,miraidon,mìlēidùn
1009,windewoge,walking-wake,serpente-eau,uneruminamo,,bōdàngshuǐ
1010,eisenblatt,iron-leaves,vert-de-fer,tetsunoisaha,,
boninu,okidogi,félicanis,iineinu,,
benesaru,munkidori,fortusimia,mashimaashira,,
beatori,fezandipiti,favianos​,kichikigisu,,
ogerpon,ogerpon,ogerpon​,ogerpon,,
terapagos,terapagos,terapagos​,terapagos,,tàilèbāgēsī
unbekanntes-pokémon,noch-unbekannt,noch-unbekannt​,noch-unbekannt,noch-unbekannt,noch-unbekannt
